[
	{
		"word": "2g1c"
	},
	{
		"word": "akrotomofília"
	},
	{
		"word": "anális"
	},
	{
		"word": "apesit"
	},
	{
		"word": "basz"
	},
	{
		"word": "barm" //barmok, barmot stb
	},
	{
		"word": "barom"
	},
	{
		"word": "bassz" //basszus, basszd
	},
	{
		"word": "bazd"
	},
	{
		"word": "bbw"
	},
	{
		"word": "bdsm"
	},
	{
		"word": "bimbó"
	},
	{
		"word": "bugyi"
	},
	{
		"word": "buksza"
	},
	{
		"word": "buzi"
	},
	{
		"word": "cici"
	},
	{
		"word": "csikló"
	},
	{
		"word": "csöcs"
	},
	{
		"word": "csupasz"
	},
	{
		"word": "dendrofília"
	},
	{
		"word": "domina"
	},
	{
		"word": "ecchi"
	},
	{
		"word": "ejakul"
	},
	{
		"word": "eroti"
	},
	{
		"word": "erőszak"
	},
	{
		"word": "fajankó"
	},
	{
		"word": "fanszőr"
	},
	{
		"word": "fasz"
	},
	{
		"word": "fattyú"
	},
	{
		"word": "femdom"
	},
	{
		"word": "fenék"
	},
	{
		"word": "fing"
	},
	{
		"word": "nyomorék"
	},
	{
		"word": "franc"
	},
	{
		"word": "fityma"
	},
	{
		"word": "frász"
	},
	{
		"word": "gangbang"
	},
	{
		"word": "geci"
	},
	{
		"word": "gpont"
	},
	{
		"word": "gyilkol"
	},
	{
		"word": "gyilkos"
	},
	{
		"word": "hentai"
	},
	{
		"word": "hímvessző"
	},
	{
		"word": "horogkereszt"
	},
	{
		"word": "hugy"
	},
	{
		"word": "hülye"
	},
	{
		"word": "hüvely"
	},
	{
		"word": "kaki"
	},
	{
		"word": "koprofília"
	},
	{
		"word": "köcsög"
	},
	{
		"word": "kövér"
	},
	{
		"word": "közösül"
	},
	{
		"word": "kúr"
	},
	{
		"word": "kurva"
	},
	{
		"word": "Kutya"
	},
	{
		"word": "fétis"
	},
	{
		"word": "masztur"
	},
	{
		"word": "dög"
	},
	{
		"word": "mélytorok"
	},
	{
		"word": "meztelen"
	},
	{
		"word": "misszionárius"
	},
	{
		"word": "muff"
	},
	{
		"word": "náci"
	},
	{
		"word": "néger"
	},
	{
		"word": "nemiszerv"
	},
	{
		"word": "nigga"
	},
	{
		"word": "nimfo"
	},
	{
		"word": "nsfw"
	},
	{
		"word": "nyavalyás"
	},
	{
		"word": "orgazmus"
	},
	{
		"word": "orgia"
	},
	{
		"word": "öld"
	},
	{
		"word": "ölni"
	},
	{
		"word": "pedo"
	},
	{
		"word": "perverz"
	},
	{
		"word": "picsa"
	},
	{
		"word": "pina"
	},
	{
		"word": "pisi"
	},
	{
		"word": "popsi"
	},
	{
		"word": "porno"
	},
	{
		"word": "pöcs"
	},
	{
		"word": "punci"
	},
	{
		"word": "szolga"
	},
	{
		"word": "rohadt"
	},
	{
		"word": "segg"
	},
	{
		"word": "segs"
	},
	{
		"word": "segz"
	},
	{
		"word": "seks"
	},
	{
		"word": "seksz"
	},
	{
		"word": "sexo"
	},
	{
		"word": "sperm"
	},
	{
		"word": "szadizmus"
	},
	{
		"word": "szadista"
	},
	{
		"word": "szajha"
	},
	{
		"word": "szar"
	},
	{
		"word": "széklet"
	},
	{
		"word": "szeksz"
	},
	{
		"word": "szemérem"
	},
	{
		"word": "szerelmeskedés"
	},
	{
		"word": "szex"
	},
	{
		"word": "szodóm"
	},
	{
		"word": "szopás"
	},
	{
		"word": "sztriptíz"
	},
	{
		"word": "szukák"
	},
	{
		"word": "tökfej"
	},
	{
		"word": "ujjaz"
	},
	{
		"word": "urofília"
	},
	{
		"word": "végbél"
	},
	{
		"word": "vérfertőzés"
	},
	{
		"word": "vetkőz"
	},
	{
		"word": "viagra"
	},
	{
		"word": "vibrátor"
	},
	{
		"word": "xxx"
	},
	{
		"word": "yaoi"
	},
	{
		"word": "zoofília"
	}
]